{
  "name": "spore:church/start_pool",

  "fallback": "minecraft:empty",

  "elements": [
    {
      "weight": 1,
      "element": {

        "location": "minecraft:empty",

        "processors": "minecraft:empty",

        "projection": "rigid",

        "element_type": "minecraft:single_pool_element"
      }
    },
    {
      "weight": 1,
      "element": {

        "location": "minecraft:empty",

        "processors": "minecraft:empty",

        "projection": "rigid",

        "element_type": "minecraft:single_pool_element"
      }
    },
    {
      "weight": 1,
      "element": {

        "location": "minecraft:empty",

        "processors": "minecraft:empty",

        "projection": "rigid",

        "element_type": "minecraft:single_pool_element"
      }
    }
  ]
}