{
    "name": "spore:church/start_pool",
  
    "fallback": "minecraft:empty",
  
    "elements": [
      {
        "weight": 1,
        "element": {
  
          "location": "minecraft:empty",
  
          "processors": {
            "processors": [
              {
                "processor_type": "minecraft:block_ignore",
                "blocks": [
                  {
                    "Name": "minecraft:structure_block"
                  }
                ]
              }
            ]
          },
  
          "projection": "rigid",
  
          "element_type": "minecraft:single_pool_element"
        }
      }
    ]
  }